year,crop,range,plot,yield,raw,factor,,
1922,fodder,2,1,641.2585815,29087,0.022046226,,
1922,fodder,2,2,648.7542984,29427,0.022046226,,
1922,fodder,2,3,635.9233947,28845,0.022046226,,
1922,fodder,2,4,641.5672286,29101,0.022046226,,
1922,fodder,2,5,596.8795281,27074,0.022046226,,
1922,fodder,2,6,604.3091064,27411,0.022046226,,
1922,fodder,2,7,648.7322522,29426,0.022046226,,
1922,fodder,2,8,659.7553653,29926,0.022046226,,
1922,fodder,2,9,690.0027876,31298,0.022046226,,
1922,fodder,2,10,685.3069414,31085,0.022046226,,
1922,fodder,2,11,695.8229913,31562,0.022046226,,
1922,fodder,2,12,681.6913603,30921,0.022046226,,
1922,fodder,2,13,690.9507753,31341,0.022046226,,
1922,fodder,2,14,692.4058263,31407,0.022046226,,
1922,fodder,2,15,686.3872065,31134,0.022046226,,
1922,fodder,2,16,692.2735489,31401,0.022046226,,
1922,fodder,2,17,672.1453444,30488,0.022046226,,
1922,fodder,2,18,661.6072483,30010,0.022046226,,
1922,fodder,2,19,687.6658876,31192,0.022046226,,
1922,fodder,2,20,666.1708171,30217,0.022046226,,
1922,fodder,2,21,680.3244943,30859,0.022046226,,
1922,fodder,2,22,695.5584366,31550,0.022046226,,
1922,fodder,2,23,657.5507426,29826,0.022046226,,
1922,fodder,2,24,642.9120484,29162,0.022046226,,
1922,fodder,2,25,663.0622992,30076,0.022046226,,
1922,fodder,2,26,653.8910691,29660,0.022046226,,
1922,fodder,2,27,649.0849918,29442,0.022046226,,
1922,fodder,2,28,665.8180775,30201,0.022046226,,
1922,fodder,2,29,648.1370041,29399,0.022046226,,
1922,fodder,2,30,648.1149578,29398,0.022046226,,
1922,fodder,2,31,666.8762963,30249,0.022046226,,
1922,fodder,2,32,669.9407218,30388,0.022046226,,
1922,fodder,2,33,654.464271,29686,0.022046226,,
1922,fodder,2,34,678.0096406,30754,0.022046226,,
1922,fodder,2,35,632.4841835,28689,0.022046226,,
1923,fodder,2,1,404.8789442,18365,0.022046226,,
1923,fodder,2,2,389.3143085,17659,0.022046226,,
1923,fodder,2,3,406.7528734,18450,0.022046226,,
1923,fodder,2,4,391.3646075,17752,0.022046226,,
1923,fodder,2,5,389.6450019,17674,0.022046226,,
1923,fodder,2,6,374.7637992,16999,0.022046226,,
1923,fodder,2,7,405.1434989,18377,0.022046226,,
1923,fodder,2,8,434.6633958,19716,0.022046226,,
1923,fodder,2,9,482.1068745,21868,0.022046226,,
1923,fodder,2,10,495.8857659,22493,0.022046226,,
1923,fodder,2,11,510.8331073,23171,0.022046226,,
1923,fodder,2,12,469.2759709,21286,0.022046226,,
1923,fodder,2,13,422.405694,19160,0.022046226,,
1923,fodder,2,14,443.4818862,20116,0.022046226,,
1923,fodder,2,15,452.520839,20526,0.022046226,,
1923,fodder,2,16,451.9035446,20498,0.022046226,,
1923,fodder,2,17,472.4726737,21431,0.022046226,,
1923,fodder,2,18,447.3179296,20290,0.022046226,,
1923,fodder,2,19,466.7186087,21170,0.022046226,,
1923,fodder,2,20,475.3827756,21563,0.022046226,,
1923,fodder,2,21,458.759921,20809,0.022046226,,
1923,fodder,2,22,454.7916003,20629,0.022046226,,
1923,fodder,2,23,412.5289847,18712,0.022046226,,
1923,fodder,2,24,434.1122401,19691,0.022046226,,
1923,fodder,2,25,468.7248152,21261,0.022046226,,
1923,fodder,2,26,481.1588868,21825,0.022046226,,
1923,fodder,2,27,482.9887236,21908,0.022046226,,
1923,fodder,2,28,482.0627821,21866,0.022046226,,
1923,fodder,2,29,502.52168,22794,0.022046226,,
1923,fodder,2,30,489.4041754,22199,0.022046226,,
1923,fodder,2,31,535.7232967,24300,0.022046226,,
1923,fodder,2,32,515.969878,23404,0.022046226,,
1923,fodder,2,33,527.9409788,23947,0.022046226,,
1923,fodder,2,34,513.8975327,23310,0.022046226,,
1923,fodder,2,35,498.7517753,22623,0.022046226,,
1924,fodder,2,1,372.603269,16901,0.022046226,,
1924,fodder,2,2,403.1372923,18286,0.022046226,,
1924,fodder,2,3,402.6302291,18263,0.022046226,,
1924,fodder,2,4,409.640929,18581,0.022046226,,
1924,fodder,2,5,390.1300188,17696,0.022046226,,
1924,fodder,2,6,386.1176057,17514,0.022046226,,
1924,fodder,2,7,415.6375025,18853,0.022046226,,
1924,fodder,2,8,438.1466995,19874,0.022046226,,
1924,fodder,2,9,446.6565428,20260,0.022046226,,
1924,fodder,2,10,477.1905661,21645,0.022046226,,
1924,fodder,2,11,479.6597434,21757,0.022046226,,
1924,fodder,2,12,455.6514031,20668,0.022046226,,
1924,fodder,2,13,437.1546193,19829,0.022046226,,
1924,fodder,2,14,434.6633958,19716,0.022046226,,
1924,fodder,2,15,436.1625391,19784,0.022046226,,
1924,fodder,2,16,407.6126762,18489,0.022046226,,
1924,fodder,2,17,396.6116093,17990,0.022046226,,
1924,fodder,2,18,367.6208219,16675,0.022046226,,
1924,fodder,2,19,374.1244586,16970,0.022046226,,
1924,fodder,2,20,394.627449,17900,0.022046226,,
1924,fodder,2,21,432.150126,19602,0.022046226,,
1924,fodder,2,22,436.1404929,19783,0.022046226,,
1924,fodder,2,23,407.6126762,18489,0.022046226,,
1924,fodder,2,24,403.6443555,18309,0.022046226,,
1924,fodder,2,25,427.6526958,19398,0.022046226,,
1924,fodder,2,26,421.1490591,19103,0.022046226,,
1924,fodder,2,27,408.6488488,18536,0.022046226,,
1924,fodder,2,28,407.6567687,18491,0.022046226,,
1924,fodder,2,29,415.6154563,18852,0.022046226,,
1924,fodder,2,30,412.6392158,18717,0.022046226,,
1924,fodder,2,31,428.159759,19421,0.022046226,,
1924,fodder,2,32,430.1218732,19510,0.022046226,,
1924,fodder,2,33,414.1163129,18784,0.022046226,,
1924,fodder,2,34,427.6526958,19398,0.022046226,,
1924,fodder,2,35,390.6150358,17718,0.022046226,,
1925,fodder,2,1,444.6944287,20171,0.022046226,,
1925,fodder,2,2,473.6852161,21486,0.022046226,,
1925,fodder,2,3,473.1781529,21463,0.022046226,,
1925,fodder,2,4,471.6569633,21394,0.022046226,,
1925,fodder,2,5,464.1612464,21054,0.022046226,,
1925,fodder,2,6,454.6593229,20623,0.022046226,,
1925,fodder,2,7,479.1526802,21734,0.022046226,,
1925,fodder,2,8,480.1888529,21781,0.022046226,,
1925,fodder,2,9,498.2006197,22598,0.022046226,,
1925,fodder,2,10,512.1779271,23232,0.022046226,,
1925,fodder,2,11,509.1796403,23096,0.022046226,,
1925,fodder,2,12,478.1606001,21689,0.022046226,,
1925,fodder,2,13,476.1764397,21599,0.022046226,,
1925,fodder,2,14,460.6999889,20897,0.022046226,,
1925,fodder,2,15,468.1736596,21236,0.022046226,,
1925,fodder,2,16,469.6507567,21303,0.022046226,,
1925,fodder,2,17,458.6496899,20804,0.022046226,,
1925,fodder,2,18,453.1381333,20554,0.022046226,,
1925,fodder,2,19,445.6424164,20214,0.022046226,,
1925,fodder,2,20,452.6531163,20532,0.022046226,,
1925,fodder,2,21,474.6772963,21531,0.022046226,,
1925,fodder,2,22,486.1854264,22053,0.022046226,,
1925,fodder,2,23,465.1753728,21100,0.022046226,,
1925,fodder,2,24,461.6479766,20940,0.022046226,,
1925,fodder,2,25,471.1939926,21373,0.022046226,,
1925,fodder,2,26,471.6790095,21395,0.022046226,,
1925,fodder,2,27,483.1650934,21916,0.022046226,,
1925,fodder,2,28,483.1650934,21916,0.022046226,,
1925,fodder,2,29,484.1571736,21961,0.022046226,,
1925,fodder,2,30,477.1464736,21643,0.022046226,,
1925,fodder,2,31,510.6567375,23163,0.022046226,,
1925,fodder,2,32,494.6952697,22439,0.022046226,,
1925,fodder,2,33,479.6817897,21758,0.022046226,,
1925,fodder,2,34,484.6421906,21983,0.022046226,,
1925,fodder,2,35,443.6362098,20123,0.022046226,,
1926,fodder,2,1,442.1591127,20056,0.022046226,,
1926,fodder,2,2,450.1618928,20419,0.022046226,,
1926,fodder,2,3,443.658256,20124,0.022046226,,
1926,fodder,2,4,439.6458429,19942,0.022046226,,
1926,fodder,2,5,423.6402827,19216,0.022046226,,
1926,fodder,2,6,407.6347224,18490,0.022046226,,
1926,fodder,2,7,466.6745162,21168,0.022046226,,
1926,fodder,2,8,470.1578199,21326,0.022046226,,
1926,fodder,2,9,468.6366303,21257,0.022046226,,
1926,fodder,2,10,484.686283,21985,0.022046226,,
1926,fodder,2,11,476.1764397,21599,0.022046226,,
1926,fodder,2,12,449.1698126,20374,0.022046226,,
1926,fodder,2,13,432.150126,19602,0.022046226,,
1926,fodder,2,14,418.6357893,18989,0.022046226,,
1926,fodder,2,15,414.1383592,18785,0.022046226,,
1926,fodder,2,16,416.1445658,18876,0.022046226,,
1926,fodder,2,17,424.1473459,19239,0.022046226,,
1926,fodder,2,18,441.6520495,20033,0.022046226,,
1926,fodder,2,19,436.1625391,19784,0.022046226,,
1926,fodder,2,20,443.6362098,20123,0.022046226,,
1926,fodder,2,21,445.1794457,20193,0.022046226,,
1926,fodder,2,22,422.60411,19169,0.022046226,,
1926,fodder,2,23,395.1565584,17924,0.022046226,,
1926,fodder,2,24,423.6402827,19216,0.022046226,,
1926,fodder,2,25,453.6672427,20578,0.022046226,,
1926,fodder,2,26,458.1646729,20782,0.022046226,,
1926,fodder,2,27,442.1591127,20056,0.022046226,,
1926,fodder,2,28,454.1522597,20600,0.022046226,,
1926,fodder,2,29,475.6693765,21576,0.022046226,,
1926,fodder,2,30,465.1533266,21099,0.022046226,,
1926,fodder,2,31,506.1813536,22960,0.022046226,,
1926,fodder,2,32,477.1464736,21643,0.022046226,,
1926,fodder,2,33,459.6638163,20850,0.022046226,,
1926,fodder,2,34,464.6683096,21077,0.022046226,,
1926,fodder,2,35,444.1653193,20147,0.022046226,,
1927,oats,2,1,45.5,45.5,1,,
1927,oats,2,2,50,50,1,,
1927,oats,2,3,48,48,1,,
1927,oats,2,4,45.5,45.5,1,,
1927,oats,2,5,49,49,1,,
1927,oats,2,6,45.5,45.5,1,,
1927,oats,2,7,51,51,1,,
1927,oats,2,8,56,56,1,,
1927,oats,2,9,52.5,52.5,1,,
1927,oats,2,10,51,51,1,,
1927,oats,2,11,51.5,51.5,1,,
1927,oats,2,12,51,51,1,,
1927,oats,2,13,50.5,50.5,1,,
1927,oats,2,14,51,51,1,,
1927,oats,2,15,51.5,51.5,1,,
1927,oats,2,16,52,52,1,,
1927,oats,2,17,53.5,53.5,1,,
1927,oats,2,18,54.5,54.5,1,,
1927,oats,2,19,54,54,1,,
1927,oats,2,20,53,53,1,,
1927,oats,2,21,54,54,1,,
1927,oats,2,22,54.5,54.5,1,,
1927,oats,2,23,52,52,1,,
1927,oats,2,24,54,54,1,,
1927,oats,2,25,51,51,1,,
1927,oats,2,26,52.5,52.5,1,,
1927,oats,2,27,49.5,49.5,1,,
1927,oats,2,28,50,50,1,,
1927,oats,2,29,51.5,51.5,1,,
1927,oats,2,30,50,50,1,,
1927,oats,2,31,51.5,51.5,1,,
1927,oats,2,32,56,56,1,,
1927,oats,2,33,53,53,1,,
1927,oats,2,34,54,54,1,,
1927,oats,2,35,54,54,1,,
1928,hay1,2,1,173.95,173.95,1,,
1928,hay1,2,2,190.2,190.2,1,,
1928,hay1,2,3,182.39,182.39,1,,
1928,hay1,2,4,185.72,185.72,1,,
1928,hay1,2,5,180.66,180.66,1,,
1928,hay1,2,6,179.56,179.56,1,,
1928,hay1,2,7,179.51,179.51,1,,
1928,hay1,2,8,188.13,188.13,1,,
1928,hay1,2,9,179.73,179.73,1,,
1928,hay1,2,10,189.81,189.81,1,,
1928,hay1,2,11,188.11,188.11,1,,
1928,hay1,2,12,176.83,176.83,1,,
1928,hay1,2,13,183.81,183.81,1,,
1928,hay1,2,14,182.55,182.55,1,,
1928,hay1,2,15,177.14,177.14,1,,
1928,hay1,2,16,177.61,177.61,1,,
1928,hay1,2,17,176.52,176.52,1,,
1928,hay1,2,18,196.41,196.41,1,,
1928,hay1,2,19,188.16,188.16,1,,
1928,hay1,2,20,177.44,177.44,1,,
1928,hay1,2,21,188.88,188.88,1,,
1928,hay1,2,22,189.06,189.06,1,,
1928,hay1,2,23,181.31,181.31,1,,
1928,hay1,2,24,183.52,183.52,1,,
1928,hay1,2,25,165.32,165.32,1,,
1928,hay1,2,26,171.76,171.76,1,,
1928,hay1,2,27,171.83,171.83,1,,
1928,hay1,2,28,172,172,1,,
1928,hay1,2,29,186.31,186.31,1,,
1928,hay1,2,30,185.33,185.33,1,,
1928,hay1,2,31,184.33,184.33,1,,
1928,hay1,2,32,182.3,182.3,1,,
1928,hay1,2,33,177.96,177.96,1,,
1928,hay1,2,34,196.42,196.42,1,,
1928,hay1,2,35,181.98,181.98,1,,
1929,hay2,2,1,78.14,78.14,1,,
1929,hay2,2,2,78.33,78.33,1,,
1929,hay2,2,3,77.91,77.91,1,,
1929,hay2,2,4,77.06,77.06,1,,
1929,hay2,2,5,78.73,78.73,1,,
1929,hay2,2,6,79.28,79.28,1,,
1929,hay2,2,7,76.7,76.7,1,,
1929,hay2,2,8,85.81,85.81,1,,
1929,hay2,2,9,84.45,84.45,1,,
1929,hay2,2,10,92.05,92.05,1,,
1929,hay2,2,11,91.52,91.52,1,,
1929,hay2,2,12,89.84,89.84,1,,
1929,hay2,2,13,89.51,89.51,1,,
1929,hay2,2,14,90.02,90.02,1,,
1929,hay2,2,15,92.41,92.41,1,,
1929,hay2,2,16,92.3,92.3,1,,
1929,hay2,2,17,95.36,95.36,1,,
1929,hay2,2,18,96.6,96.6,1,,
1929,hay2,2,19,95.6,95.6,1,,
1929,hay2,2,20,96.78,96.78,1,,
1929,hay2,2,21,81.36,81.36,1,,
1929,hay2,2,22,73.75,73.75,1,,
1929,hay2,2,23,74.37,74.37,1,,
1929,hay2,2,24,78.64,78.64,1,,
1929,hay2,2,25,76.18,76.18,1,,
1929,hay2,2,26,76.03,76.03,1,,
1929,hay2,2,27,72.34,72.34,1,,
1929,hay2,2,28,74.72,74.72,1,,
1929,hay2,2,29,77.83,77.83,1,,
1929,hay2,2,30,80.22,80.22,1,,
1929,hay2,2,31,85.56,85.56,1,,
1929,hay2,2,32,86.51,86.51,1,,
1929,hay2,2,33,85.07,85.07,1,,
1929,hay2,2,34,86.58,86.58,1,,
1929,hay2,2,35,77.9,77.9,1,,
1930,maize,2,1,72.23,72.23,1,,
1930,maize,2,2,75.24,75.24,1,,
1930,maize,2,3,76.1,76.1,1,,
1930,maize,2,4,79.64,79.64,1,,
1930,maize,2,5,79.96,79.96,1,,
1930,maize,2,6,81.03,81.03,1,,
1930,maize,2,7,84.88,84.88,1,,
1930,maize,2,8,84.27,84.27,1,,
1930,maize,2,9,83.43,83.43,1,,
1930,maize,2,10,83.84,83.84,1,,
1930,maize,2,11,81.91,81.91,1,,
1930,maize,2,12,84.32,84.32,1,,
1930,maize,2,13,83.51,83.51,1,,
1930,maize,2,14,80.09,80.09,1,,
1930,maize,2,15,76.94,76.94,1,,
1930,maize,2,16,72.97,72.97,1,,
1930,maize,2,17,74.08,74.08,1,,
1930,maize,2,18,79.05,79.05,1,,
1930,maize,2,19,74.46,74.46,1,,
1930,maize,2,20,72.38,72.38,1,,
1930,maize,2,21,73.5,73.5,1,,
1930,maize,2,22,71.26,71.26,1,,
1930,maize,2,23,70.58,70.58,1,,
1930,maize,2,24,73.55,73.55,1,,
1930,maize,2,25,78.25,78.25,1,,
1930,maize,2,26,78.13,78.13,1,,
1930,maize,2,27,74.05,74.05,1,,
1930,maize,2,28,75.98,75.98,1,,
1930,maize,2,29,72.87,72.87,1,,
1930,maize,2,30,74.13,74.13,1,,
1930,maize,2,31,76.26,76.26,1,,
1930,maize,2,32,74.49,74.49,1,,
1930,maize,2,33,69.96,69.96,1,,
1930,maize,2,34,75.18,75.18,1,,
1930,maize,2,35,70.36,70.36,1,,
1931,oats,2,1,39.5,39.5,1,,
1931,oats,2,2,44,44,1,,
1931,oats,2,3,45.5,45.5,1,,
1931,oats,2,4,45.5,45.5,1,,
1931,oats,2,5,45,45,1,,
1931,oats,2,6,45,45,1,,
1931,oats,2,7,47,47,1,,
1931,oats,2,8,51.5,51.5,1,,
1931,oats,2,9,53,53,1,,
1931,oats,2,10,51.5,51.5,1,,
1931,oats,2,11,51.5,51.5,1,,
1931,oats,2,12,47,47,1,,
1931,oats,2,13,46,46,1,,
1931,oats,2,14,45.5,45.5,1,,
1931,oats,2,15,47,47,1,,
1931,oats,2,16,51,51,1,,
1931,oats,2,17,51,51,1,,
1931,oats,2,18,53.5,53.5,1,,
1931,oats,2,19,55.5,55.5,1,,
1931,oats,2,20,56.5,56.5,1,,
1931,oats,2,21,57.5,57.5,1,,
1931,oats,2,22,52.5,52.5,1,,
1931,oats,2,23,46,46,1,,
1931,oats,2,24,47.5,47.5,1,,
1931,oats,2,25,45.5,45.5,1,,
1931,oats,2,26,46,46,1,,
1931,oats,2,27,44,44,1,,
1931,oats,2,28,45.5,45.5,1,,
1931,oats,2,29,47,47,1,,
1931,oats,2,30,37,37,1,,
1931,oats,2,31,51,51,1,,
1931,oats,2,32,52.5,52.5,1,,
1931,oats,2,33,49,49,1,,
1931,oats,2,34,50.5,50.5,1,,
1931,oats,2,35,46.5,46.5,1,,
1932,hay1,2,1,67.71,67.71,1,,
1932,hay1,2,2,68.38,68.38,1,,
1932,hay1,2,3,68.34,68.34,1,,
1932,hay1,2,4,65.9,65.9,1,,
1932,hay1,2,5,66.01,66.01,1,,
1932,hay1,2,6,64.92,64.92,1,,
1932,hay1,2,7,70.27,70.27,1,,
1932,hay1,2,8,77.57,77.57,1,,
1932,hay1,2,9,83.72,83.72,1,,
1932,hay1,2,10,83.13,83.13,1,,
1932,hay1,2,11,84.8,84.8,1,,
1932,hay1,2,12,82.11,82.11,1,,
1932,hay1,2,13,78.43,78.43,1,,
1932,hay1,2,14,81.72,81.72,1,,
1932,hay1,2,15,81.35,81.35,1,,
1932,hay1,2,16,79.33,79.33,1,,
1932,hay1,2,17,88.19,88.19,1,,
1932,hay1,2,18,81.74,81.74,1,,
1932,hay1,2,19,80.33,80.33,1,,
1932,hay1,2,20,80.63,80.63,1,,
1932,hay1,2,21,78.95,78.95,1,,
1932,hay1,2,22,71.51,71.51,1,,
1932,hay1,2,23,70.07,70.07,1,,
1932,hay1,2,24,72.89,72.89,1,,
1932,hay1,2,25,69.56,69.56,1,,
1932,hay1,2,26,69.47,69.47,1,,
1932,hay1,2,27,69.8,69.8,1,,
1932,hay1,2,28,66.47,66.47,1,,
1932,hay1,2,29,65.76,65.76,1,,
1932,hay1,2,30,64.68,64.68,1,,
1932,hay1,2,31,70.78,70.78,1,,
1932,hay1,2,32,71.93,71.93,1,,
1932,hay1,2,33,71.17,71.17,1,,
1932,hay1,2,34,70.11,70.11,1,,
1932,hay1,2,35,65.02,65.02,1,,
1922,oats,3,1,26.8632947,12185,0.00220462,,
1922,oats,3,2,24.34561866,11043,0.00220462,,
1922,oats,3,3,26.35182286,11953,0.00220462,,
1922,oats,3,4,25.43911018,11539,0.00220462,,
1922,oats,3,5,26.9845488,12240,0.00220462,,
1922,oats,3,6,27.79364434,12607,0.00220462,,
1922,oats,3,7,28.89374972,13106,0.00220462,,
1922,oats,3,8,26.72881288,12124,0.00220462,,
1922,oats,3,9,25.53390884,11582,0.00220462,,
1922,oats,3,10,25.6617768,11640,0.00220462,,
1922,oats,3,11,24.72040406,11213,0.00220462,,
1922,oats,3,12,25.82271406,11713,0.00220462,,
1922,oats,3,13,25.44792866,11543,0.00220462,,
1922,oats,3,14,27.0617105,12275,0.00220462,,
1922,oats,3,15,28.0758357,12735,0.00220462,,
1922,oats,3,16,25.8271233,11715,0.00220462,,
1922,oats,3,17,27.73191498,12579,0.00220462,,
1922,oats,3,18,28.31173004,12842,0.00220462,,
1922,oats,3,19,27.7451427,12585,0.00220462,,
1922,oats,3,20,27.27335402,12371,0.00220462,,
1922,oats,3,21,28.53660128,12944,0.00220462,,
1922,oats,3,22,28.76147252,13046,0.00220462,,
1922,oats,3,23,29.18696418,13239,0.00220462,,
1922,oats,3,24,29.93433036,13578,0.00220462,,
1922,oats,3,25,27.55554538,12499,0.00220462,,
1922,oats,3,26,28.58951216,12968,0.00220462,,
1922,oats,3,27,26.72219902,12121,0.00220462,,
1922,oats,3,28,25.55815966,11593,0.00220462,,
1922,oats,3,29,23.61368482,10711,0.00220462,,
1922,oats,3,30,21.46638494,9737,0.00220462,,
1922,oats,3,31,19.76221368,8964,0.00220462,,
1922,oats,3,32,16.62724404,7542,0.00220462,,
1922,oats,3,33,15.89971944,7212,0.00220462,,
1922,oats,3,34,13.58266382,6161,0.00220462,,
1922,oats,3,35,14.29255146,6483,0.00220462,,
1924,oats,3,1,10.5491067,4785,0.00220462,,
1924,oats,3,2,9.9648824,4520,0.00220462,,
1924,oats,3,3,12.235641,5550,0.00220462,,
1924,oats,3,4,14.4953765,6575,0.00220462,,
1924,oats,3,5,11.8718787,5385,0.00220462,,
1924,oats,3,6,10.0420441,4555,0.00220462,,
1924,oats,3,7,12.4340568,5640,0.00220462,,
1924,oats,3,8,10.1081827,4585,0.00220462,,
1924,oats,3,9,10.4058064,4720,0.00220462,,
1924,oats,3,10,12.5773571,5705,0.00220462,,
1924,oats,3,11,11.7175553,5315,0.00220462,,
1924,oats,3,12,11.0561693,5015,0.00220462,,
1924,oats,3,13,10.802638,4900,0.00220462,,
1924,oats,3,14,8.3996022,3810,0.00220462,,
1924,oats,3,15,7.9256089,3595,0.00220462,,
1924,oats,3,16,6.9225068,3140,0.00220462,,
1924,oats,3,17,5.5005269,2495,0.00220462,,
1924,oats,3,18,5.5887117,2535,0.00220462,,
1924,oats,3,19,6.0296357,2735,0.00220462,,
1924,oats,3,20,8.2452788,3740,0.00220462,,
1924,oats,3,21,10.8908228,4940,0.00220462,,
1924,oats,3,22,12.6324726,5730,0.00220462,,
1924,oats,3,23,12.2907565,5575,0.00220462,,
1924,oats,3,24,12.0702945,5475,0.00220462,,
1924,oats,3,25,15.0244853,6815,0.00220462,,
1924,oats,3,26,14.3741224,6520,0.00220462,,
1924,oats,3,27,17.967653,8150,0.00220462,,
1924,oats,3,28,17.3834287,7885,0.00220462,,
1924,oats,3,29,25.0995987,11385,0.00220462,,
1924,oats,3,30,21.825738,9900,0.00220462,,
1924,oats,3,31,18.959732,8600,0.00220462,,
1924,oats,3,32,22.2887082,10110,0.00220462,,
1924,oats,3,33,17.7912834,8070,0.00220462,,
1924,oats,3,34,16.203957,7350,0.00220462,,
1924,oats,3,35,18.4306232,8360,0.00220462,,
1923,oats,3,1,44.7427629,20295,0.00220462,,
1923,oats,3,2,43.1995289,19595,0.00220462,,
1923,oats,3,3,42.7475818,19390,0.00220462,,
1923,oats,3,4,41.0500244,18620,0.00220462,,
1923,oats,3,5,40.3555691,18305,0.00220462,,
1923,oats,3,6,43.1554365,19575,0.00220462,,
1923,oats,3,7,46.0104194,20870,0.00220462,,
1923,oats,3,8,44.6325319,20245,0.00220462,,
1923,oats,3,9,45.19471,20500,0.00220462,,
1923,oats,3,10,45.5805185,20675,0.00220462,,
1923,oats,3,11,45.5143799,20645,0.00220462,,
1923,oats,3,12,42.6924663,19365,0.00220462,,
1923,oats,3,13,42.9349745,19475,0.00220462,,
1923,oats,3,14,40.2784074,18270,0.00220462,,
1923,oats,3,15,36.045537,16350,0.00220462,,
1923,oats,3,16,36.1337218,16390,0.00220462,,
1923,oats,3,17,34.1605869,15495,0.00220462,,
1923,oats,3,18,33.6535243,15265,0.00220462,,
1923,oats,3,19,34.9542501,15855,0.00220462,,
1923,oats,3,20,36.3211145,16475,0.00220462,,
1923,oats,3,21,42.4168888,19240,0.00220462,,
1923,oats,3,22,43.210552,19600,0.00220462,,
1923,oats,3,23,37.9084409,17195,0.00220462,,
1923,oats,3,24,39.3083746,17830,0.00220462,,
1923,oats,3,25,42.328704,19200,0.00220462,,
1923,oats,3,26,43.2766906,19630,0.00220462,,
1923,oats,3,27,42.0972189,19095,0.00220462,,
1923,oats,3,28,44.2357003,20065,0.00220462,,
1923,oats,3,29,45.3490334,20570,0.00220462,,
1923,oats,3,30,46.0104194,20870,0.00220462,,
1923,oats,3,31,45.525403,20650,0.00220462,,
1923,oats,3,32,44.4341161,20155,0.00220462,,
1923,oats,3,33,44.7978784,20320,0.00220462,,
1923,oats,3,34,42.6483739,19345,0.00220462,,
1923,oats,3,35,43.5081757,19735,0.00220462,,
1926,oats,3,1,42.39043336,19228,0.00220462,,
1926,oats,3,2,45.9112115,20825,0.00220462,,
1926,oats,3,3,45.5364261,20655,0.00220462,,
1926,oats,3,4,44.8860632,20360,0.00220462,,
1926,oats,3,5,41.43803752,18796,0.00220462,,
1926,oats,3,6,46.68723774,21177,0.00220462,,
1926,oats,3,7,51.02372528,23144,0.00220462,,
1926,oats,3,8,51.61676806,23413,0.00220462,,
1926,oats,3,9,56.90344682,25811,0.00220462,,
1926,oats,3,10,50.0779433,22715,0.00220462,,
1926,oats,3,11,46.51307276,21098,0.00220462,,
1926,oats,3,12,42.38822874,19227,0.00220462,,
1926,oats,3,13,42.16997136,19128,0.00220462,,
1926,oats,3,14,44.75158138,20299,0.00220462,,
1926,oats,3,15,41.68495496,18908,0.00220462,,
1926,oats,3,16,40.7083083,18465,0.00220462,,
1926,oats,3,17,38.14213062,17301,0.00220462,,
1926,oats,3,18,37.69018352,17096,0.00220462,,
1926,oats,3,19,40.20785956,18238,0.00220462,,
1926,oats,3,20,43.96894128,19944,0.00220462,,
1926,oats,3,21,45.41737662,20601,0.00220462,,
1926,oats,3,22,48.60525714,22047,0.00220462,,
1926,oats,3,23,45.83845904,20792,0.00220462,,
1926,oats,3,24,46.76219482,21211,0.00220462,,
1926,oats,3,25,47.73222762,21651,0.00220462,,
1926,oats,3,26,45.74366038,20749,0.00220462,,
1926,oats,3,27,51.07663616,23168,0.00220462,,
1926,oats,3,28,52.32886032,23736,0.00220462,,
1926,oats,3,29,53.06740802,24071,0.00220462,,
1926,oats,3,30,56.01718958,25409,0.00220462,,
1926,oats,3,31,55.19927556,25038,0.00220462,,
1926,oats,3,32,57.19225204,25942,0.00220462,,
1926,oats,3,33,58.03221226,26323,0.00220462,,
1926,oats,3,34,57.94402746,26283,0.00220462,,
1926,oats,3,35,57.75883938,26199,0.00220462,,
1927,maize,3,1,57.48,57.48,1,,
1927,maize,3,2,64.39,64.39,1,,
1927,maize,3,3,65.44,65.44,1,,
1927,maize,3,4,61.59,61.59,1,,
1927,maize,3,5,65.31,65.31,1,,
1927,maize,3,6,70.51,70.51,1,,
1927,maize,3,7,70.02,70.02,1,,
1927,maize,3,8,68.19,68.19,1,,
1927,maize,3,9,68.92,68.92,1,,
1927,maize,3,10,69.5,69.5,1,,
1927,maize,3,11,62.22,62.22,1,,
1927,maize,3,12,65.22,65.22,1,,
1927,maize,3,13,61.27,61.27,1,,
1927,maize,3,14,63.13,63.13,1,,
1927,maize,3,15,61.7,61.7,1,,
1927,maize,3,16,60.03,60.03,1,,
1927,maize,3,17,60.25,60.25,1,,
1927,maize,3,18,59.34,59.34,1,,
1927,maize,3,19,57.8,57.8,1,,
1927,maize,3,20,63.28,63.28,1,,
1927,maize,3,21,61.98,61.98,1,,
1927,maize,3,22,63.48,63.48,1,,
1927,maize,3,23,65.91,65.91,1,,
1927,maize,3,24,63.33,63.33,1,,
1927,maize,3,25,66.85,66.85,1,,
1927,maize,3,26,66,66,1,,
1927,maize,3,27,62.83,62.83,1,,
1927,maize,3,28,64.88,64.88,1,,
1927,maize,3,29,66.1,66.1,1,,
1927,maize,3,30,68.03,68.03,1,,
1927,maize,3,31,65.67,65.67,1,,
1927,maize,3,32,66.05,66.05,1,,
1927,maize,3,33,65.95,65.95,1,,
1927,maize,3,34,67.99,67.99,1,,
1927,maize,3,35,69.82,69.82,1,,
1928,oats,3,1,26.5,26.5,1,,
1928,oats,3,2,25.5,25.5,1,,
1928,oats,3,3,28.6,28.6,1,,
1928,oats,3,4,31.5,31.5,1,,
1928,oats,3,5,31.8,31.8,1,,
1928,oats,3,6,36.8,36.8,1,,
1928,oats,3,7,30,30,1,,
1928,oats,3,8,29.5,29.5,1,,
1928,oats,3,9,32.6,32.6,1,,
1928,oats,3,10,32,32,1,,
1928,oats,3,11,30.3,30.3,1,,
1928,oats,3,12,28.5,28.5,1,,
1928,oats,3,13,25.5,25.5,1,,
1928,oats,3,14,29.3,29.3,1,,
1928,oats,3,15,28.5,28.5,1,,
1928,oats,3,16,27.5,27.5,1,,
1928,oats,3,17,29.5,29.5,1,,
1928,oats,3,18,29.7,29.7,1,,
1928,oats,3,19,31.5,31.5,1,,
1928,oats,3,20,30,30,1,,
1928,oats,3,21,27.5,27.5,1,,
1928,oats,3,22,27.6,27.6,1,,
1928,oats,3,23,26.2,26.2,1,,
1928,oats,3,24,26.7,26.7,1,,
1928,oats,3,25,26.5,26.5,1,,
1928,oats,3,26,26,26,1,,
1928,oats,3,27,27.5,27.5,1,,
1928,oats,3,28,28.7,28.7,1,,
1928,oats,3,29,29.5,29.5,1,,
1928,oats,3,30,33.5,33.5,1,,
1928,oats,3,31,29.5,29.5,1,,
1928,oats,3,32,29.8,29.8,1,,
1928,oats,3,33,32,32,1,,
1928,oats,3,34,30.5,30.5,1,,
1928,oats,3,35,32,32,1,,
1929,hay1,3,1,131.66,131.66,1,,
1929,hay1,3,2,128.27,128.27,1,,
1929,hay1,3,3,125.31,125.31,1,,
1929,hay1,3,4,126.85,126.85,1,,
1929,hay1,3,5,130.24,130.24,1,,
1929,hay1,3,6,121.85,121.85,1,,
1929,hay1,3,7,129.72,129.72,1,,
1929,hay1,3,8,132.57,132.57,1,,
1929,hay1,3,9,131.07,131.07,1,,
1929,hay1,3,10,134.1,134.1,1,,
1929,hay1,3,11,136.95,136.95,1,,
1929,hay1,3,12,131.77,131.77,1,,
1929,hay1,3,13,133.02,133.02,1,,
1929,hay1,3,14,132,132,1,,
1929,hay1,3,15,130.21,130.21,1,,
1929,hay1,3,16,133.82,133.82,1,,
1929,hay1,3,17,122.9,122.9,1,,
1929,hay1,3,18,120.66,120.66,1,,
1929,hay1,3,19,120.97,120.97,1,,
1929,hay1,3,20,107.38,107.38,1,,
1929,hay1,3,21,110.94,110.94,1,,
1929,hay1,3,22,101.96,101.96,1,,
1929,hay1,3,23,95.31,95.31,1,,
1929,hay1,3,24,101.31,101.31,1,,
1929,hay1,3,25,119.38,119.38,1,,
1929,hay1,3,26,121.2,121.2,1,,
1929,hay1,3,27,126.79,126.79,1,,
1929,hay1,3,28,130.48,130.48,1,,
1929,hay1,3,29,138.82,138.82,1,,
1929,hay1,3,30,136.56,136.56,1,,
1929,hay1,3,31,138.38,138.38,1,,
1929,hay1,3,32,132.52,132.52,1,,
1929,hay1,3,33,138.62,138.62,1,,
1929,hay1,3,34,138.14,138.14,1,,
1929,hay1,3,35,141.4,141.4,1,,
1930,hay2,3,1,100.1,100.1,1,,
1930,hay2,3,2,97.76,97.76,1,,
1930,hay2,3,3,101.09,101.09,1,,
1930,hay2,3,4,96.12,96.12,1,,
1930,hay2,3,5,95.15,95.15,1,,
1930,hay2,3,6,94.38,94.38,1,,
1930,hay2,3,7,94.67,94.67,1,,
1930,hay2,3,8,96.42,96.42,1,,
1930,hay2,3,9,102.41,102.41,1,,
1930,hay2,3,10,97.6,97.6,1,,
1930,hay2,3,11,92.66,92.66,1,,
1930,hay2,3,12,89.35,89.35,1,,
1930,hay2,3,13,92.96,92.96,1,,
1930,hay2,3,14,94.01,94.01,1,,
1930,hay2,3,15,96.43,96.43,1,,
1930,hay2,3,16,103.4,103.4,1,,
1930,hay2,3,17,106.38,106.38,1,,
1930,hay2,3,18,103.31,103.31,1,,
1930,hay2,3,19,103.86,103.86,1,,
1930,hay2,3,20,103.37,103.37,1,,
1930,hay2,3,21,103.07,103.07,1,,
1930,hay2,3,22,102,102,1,,
1930,hay2,3,23,97.42,97.42,1,,
1930,hay2,3,24,103.93,103.93,1,,
1930,hay2,3,25,102.95,102.95,1,,
1930,hay2,3,26,97.6,97.6,1,,
1930,hay2,3,27,97.77,97.77,1,,
1930,hay2,3,28,99.66,99.66,1,,
1930,hay2,3,29,98.64,98.64,1,,
1930,hay2,3,30,102.07,102.07,1,,
1930,hay2,3,31,99.99,99.99,1,,
1930,hay2,3,32,104.04,104.04,1,,
1930,hay2,3,33,106.09,106.09,1,,
1930,hay2,3,34,103.25,103.25,1,,
1930,hay2,3,35,101.48,101.48,1,,
1931,maize,3,1,92,92,1,,
1931,maize,3,2,94.3,94.3,1,,
1931,maize,3,3,93.9,93.9,1,,
1931,maize,3,4,94.2,94.2,1,,
1931,maize,3,5,91.2,91.2,1,,
1931,maize,3,6,91,91,1,,
1931,maize,3,7,94,94,1,,
1931,maize,3,8,100.6,100.6,1,,
1931,maize,3,9,104.4,104.4,1,,
1931,maize,3,10,97.1,97.1,1,,
1931,maize,3,11,102.2,102.2,1,,
1931,maize,3,12,95.9,95.9,1,,
1931,maize,3,13,102.2,102.2,1,,
1931,maize,3,14,96.9,96.9,1,,
1931,maize,3,15,99.1,99.1,1,,
1931,maize,3,16,98.3,98.3,1,,
1931,maize,3,17,100.6,100.6,1,,
1931,maize,3,18,99.9,99.9,1,,
1931,maize,3,19,102.4,102.4,1,,
1931,maize,3,20,96.8,96.8,1,,
1931,maize,3,21,90.7,90.7,1,,
1931,maize,3,22,95.8,95.8,1,,
1931,maize,3,23,95.6,95.6,1,,
1931,maize,3,24,91.8,91.8,1,,
1931,maize,3,25,86.8,86.8,1,,
1931,maize,3,26,88.8,88.8,1,,
1931,maize,3,27,86.2,86.2,1,,
1931,maize,3,28,92.7,92.7,1,,
1931,maize,3,29,106.8,106.8,1,,
1931,maize,3,30,104.9,104.9,1,,
1931,maize,3,31,106.2,106.2,1,,
1931,maize,3,32,103.3,103.3,1,,
1931,maize,3,33,107.8,107.8,1,,
1931,maize,3,34,102.8,102.8,1,,
1931,maize,3,35,108.2,108.2,1,,
1932,oats,3,1,41,41,1,,
1932,oats,3,2,39,39,1,,
1932,oats,3,3,38.5,38.5,1,,
1932,oats,3,4,38,38,1,,
1932,oats,3,5,38,38,1,,
1932,oats,3,6,44,44,1,,
1932,oats,3,7,46,46,1,,
1932,oats,3,8,46,46,1,,
1932,oats,3,9,47.5,47.5,1,,
1932,oats,3,10,47,47,1,,
1932,oats,3,11,45,45,1,,
1932,oats,3,12,40,40,1,,
1932,oats,3,13,40,40,1,,
1932,oats,3,14,42,42,1,,
1932,oats,3,15,40.5,40.5,1,,
1932,oats,3,16,39,39,1,,
1932,oats,3,17,41.5,41.5,1,,
1932,oats,3,18,39,39,1,,
1932,oats,3,19,41.5,41.5,1,,
1932,oats,3,20,41,41,1,,
1932,oats,3,21,39.5,39.5,1,,
1932,oats,3,22,43.5,43.5,1,,
1932,oats,3,23,36,36,1,,
1932,oats,3,24,36,36,1,,
1932,oats,3,25,38,38,1,,
1932,oats,3,26,38,38,1,,
1932,oats,3,27,43,43,1,,
1932,oats,3,28,42.5,42.5,1,,
1932,oats,3,29,48,48,1,,
1932,oats,3,30,48,48,1,,
1932,oats,3,31,48,48,1,,
1932,oats,3,32,50,50,1,,
1932,oats,3,33,50,50,1,,
1932,oats,3,34,49,49,1,,
1932,oats,3,35,48.5,48.5,1,,
1925,alfalfa,4,1,141.86,141.86,1,,
1925,alfalfa,4,2,154.75,154.75,1,,
1925,alfalfa,4,3,156.56,156.56,1,,
1925,alfalfa,4,4,146.12,146.12,1,,
1925,alfalfa,4,5,150.06,150.06,1,,
1925,alfalfa,4,6,158.12,158.12,1,,
1925,alfalfa,4,7,154.68,154.68,1,,
1925,alfalfa,4,8,159.24,159.24,1,,
1925,alfalfa,4,9,157.99,157.99,1,,
1925,alfalfa,4,10,163.18,163.18,1,,
1925,alfalfa,4,11,167.18,167.18,1,,
1925,alfalfa,4,12,172.31,172.31,1,,
1925,alfalfa,4,13,166.25,166.25,1,,
1925,alfalfa,4,14,173.75,173.75,1,,
1925,alfalfa,4,15,170,170,1,,
1925,alfalfa,4,16,173,173,1,,
1925,alfalfa,4,17,177.5,177.5,1,,
1925,alfalfa,4,18,180,180,1,,
1925,alfalfa,4,19,172.25,172.25,1,,
1925,alfalfa,4,20,163.75,163.75,1,,
1925,alfalfa,4,21,172.5,172.5,1,,
1925,alfalfa,4,22,188,188,1,,
1925,alfalfa,4,23,191,191,1,,
1925,alfalfa,4,24,194.25,194.25,1,,
1925,alfalfa,4,25,193,193,1,,
1925,alfalfa,4,26,198,198,1,,
1925,alfalfa,4,27,190.75,190.75,1,,
1925,alfalfa,4,28,181.75,181.75,1,,
1925,alfalfa,4,29,192.5,192.5,1,,
1925,alfalfa,4,30,191.75,191.75,1,,
1925,alfalfa,4,31,195.3,195.3,1,,
1925,alfalfa,4,32,188.75,188.75,1,,
1925,alfalfa,4,33,187.75,187.75,1,,
1925,alfalfa,4,34,191.5,191.5,1,,
1925,alfalfa,4,35,199.5,199.5,1,,
1924,alfalfa,4,1,216.5,216.5,1,,
1924,alfalfa,4,2,201.5,201.5,1,,
1924,alfalfa,4,3,196,196,1,,
1924,alfalfa,4,4,194.5,194.5,1,,
1924,alfalfa,4,5,183.5,183.5,1,,
1924,alfalfa,4,6,195.5,195.5,1,,
1924,alfalfa,4,7,185,185,1,,
1924,alfalfa,4,8,189.5,189.5,1,,
1924,alfalfa,4,9,192,192,1,,
1924,alfalfa,4,10,199.5,199.5,1,,
1924,alfalfa,4,11,216.5,216.5,1,,
1924,alfalfa,4,12,239.5,239.5,1,,
1924,alfalfa,4,13,229,229,1,,
1924,alfalfa,4,14,227,227,1,,
1924,alfalfa,4,15,225,225,1,,
1924,alfalfa,4,16,230.5,230.5,1,,
1924,alfalfa,4,17,231,231,1,,
1924,alfalfa,4,18,234.5,234.5,1,,
1924,alfalfa,4,19,223,223,1,,
1924,alfalfa,4,20,227,227,1,,
1924,alfalfa,4,21,236,236,1,,
1924,alfalfa,4,22,220.5,220.5,1,,
1924,alfalfa,4,23,225,225,1,,
1924,alfalfa,4,24,241,241,1,,
1924,alfalfa,4,25,231.5,231.5,1,,
1924,alfalfa,4,26,229,229,1,,
1924,alfalfa,4,27,230.5,230.5,1,,
1924,alfalfa,4,28,230,230,1,,
1924,alfalfa,4,29,230.5,230.5,1,,
1924,alfalfa,4,30,244,244,1,,
1924,alfalfa,4,31,216,216,1,,
1924,alfalfa,4,32,211.5,211.5,1,,
1924,alfalfa,4,33,205.5,205.5,1,,
1924,alfalfa,4,34,212,212,1,,
1924,alfalfa,4,35,238,238,1,,
1928,maize,4,1,79.45,79.45,1,,
1928,maize,4,2,79.16,79.16,1,,
1928,maize,4,3,76.16,76.16,1,,
1928,maize,4,4,79.22,79.22,1,,
1928,maize,4,5,80.96,80.96,1,,
1928,maize,4,6,77.69,77.69,1,,
1928,maize,4,7,82.01,82.01,1,,
1928,maize,4,8,80.67,80.67,1,,
1928,maize,4,9,78.65,78.65,1,,
1928,maize,4,10,77.94,77.94,1,,
1928,maize,4,11,78.93,78.93,1,,
1928,maize,4,12,82.42,82.42,1,,
1928,maize,4,13,85.18,85.18,1,,
1928,maize,4,14,83.06,83.06,1,,
1928,maize,4,15,83.34,83.34,1,,
1928,maize,4,16,84.93,84.93,1,,
1928,maize,4,17,80.62,80.62,1,,
1928,maize,4,18,85.57,85.57,1,,
1928,maize,4,19,79.05,79.05,1,,
1928,maize,4,20,83.02,83.02,1,,
1928,maize,4,21,82.48,82.48,1,,
1928,maize,4,22,81.22,81.22,1,,
1928,maize,4,23,83.55,83.55,1,,
1928,maize,4,24,80.91,80.91,1,,
1928,maize,4,25,82.24,82.24,1,,
1928,maize,4,26,86.85,86.85,1,,
1928,maize,4,27,82.03,82.03,1,,
1928,maize,4,28,85.02,85.02,1,,
1928,maize,4,29,84.81,84.81,1,,
1928,maize,4,30,82.64,82.64,1,,
1928,maize,4,31,80.37,80.37,1,,
1928,maize,4,32,79.77,79.77,1,,
1928,maize,4,33,82.19,82.19,1,,
1928,maize,4,34,84.6,84.6,1,,
1928,maize,4,35,84.72,84.72,1,,
1929,oats,4,1,29,29,1,,
1929,oats,4,2,28.5,28.5,1,,
1929,oats,4,3,30,30,1,,
1929,oats,4,4,29,29,1,,
1929,oats,4,5,28.5,28.5,1,,
1929,oats,4,6,29,29,1,,
1929,oats,4,7,30,30,1,,
1929,oats,4,8,27.5,27.5,1,,
1929,oats,4,9,28,28,1,,
1929,oats,4,10,29,29,1,,
1929,oats,4,11,28.2,28.2,1,,
1929,oats,4,12,29.5,29.5,1,,
1929,oats,4,13,32.5,32.5,1,,
1929,oats,4,14,32.7,32.7,1,,
1929,oats,4,15,34,34,1,,
1929,oats,4,16,30.5,30.5,1,,
1929,oats,4,17,29.2,29.2,1,,
1929,oats,4,18,30,30,1,,
1929,oats,4,19,31,31,1,,
1929,oats,4,20,31,31,1,,
1929,oats,4,21,29.3,29.3,1,,
1929,oats,4,22,29.2,29.2,1,,
1929,oats,4,23,33.6,33.6,1,,
1929,oats,4,24,34,34,1,,
1929,oats,4,25,32.5,32.5,1,,
1929,oats,4,26,37,37,1,,
1929,oats,4,27,37.2,37.2,1,,
1929,oats,4,28,36.5,36.5,1,,
1929,oats,4,29,37.5,37.5,1,,
1929,oats,4,30,36.5,36.5,1,,
1929,oats,4,31,37.5,37.5,1,,
1929,oats,4,32,35,35,1,,
1929,oats,4,33,34.6,34.6,1,,
1929,oats,4,34,34.5,34.5,1,,
1929,oats,4,35,31.5,31.5,1,,
1930,hay1,4,1,154.38,154.38,1,,
1930,hay1,4,2,142.77,142.77,1,,
1930,hay1,4,3,141.73,141.73,1,,
1930,hay1,4,4,142.29,142.29,1,,
1930,hay1,4,5,138.76,138.76,1,,
1930,hay1,4,6,139.39,139.39,1,,
1930,hay1,4,7,148.21,148.21,1,,
1930,hay1,4,8,146.38,146.38,1,,
1930,hay1,4,9,150.52,150.52,1,,
1930,hay1,4,10,151.36,151.36,1,,
1930,hay1,4,11,146.33,146.33,1,,
1930,hay1,4,12,152.27,152.27,1,,
1930,hay1,4,13,157.6,157.6,1,,
1930,hay1,4,14,158.27,158.27,1,,
1930,hay1,4,15,161.87,161.87,1,,
1930,hay1,4,16,158.03,158.03,1,,
1930,hay1,4,17,159.32,159.32,1,,
1930,hay1,4,18,157.9,157.9,1,,
1930,hay1,4,19,162.64,162.64,1,,
1930,hay1,4,20,160.43,160.43,1,,
1930,hay1,4,21,161.91,161.91,1,,
1930,hay1,4,22,160.31,160.31,1,,
1930,hay1,4,23,154.67,154.67,1,,
1930,hay1,4,24,156.59,156.59,1,,
1930,hay1,4,25,159.39,159.39,1,,
1930,hay1,4,26,162.51,162.51,1,,
1930,hay1,4,27,161.47,161.47,1,,
1930,hay1,4,28,163.93,163.93,1,,
1930,hay1,4,29,170.26,170.26,1,,
1930,hay1,4,30,167.58,167.58,1,,
1930,hay1,4,31,168.86,168.86,1,,
1930,hay1,4,32,167.55,167.55,1,,
1930,hay1,4,33,166.44,166.44,1,,
1930,hay1,4,34,161.67,161.67,1,,
1930,hay1,4,35,162.45,162.45,1,,
1932,maize,4,1,78.53,78.53,1,,
1932,maize,4,2,80.67,80.67,1,,
1932,maize,4,3,75.51,75.51,1,,
1932,maize,4,4,75.05,75.05,1,,
1932,maize,4,5,73.84,73.84,1,,
1932,maize,4,6,77.5,77.5,1,,
1932,maize,4,7,80.94,80.94,1,,
1932,maize,4,8,81.79,81.79,1,,
1932,maize,4,9,81.44,81.44,1,,
1932,maize,4,10,79.74,79.74,1,,
1932,maize,4,11,76.22,76.22,1,,
1932,maize,4,12,81.46,81.46,1,,
1932,maize,4,13,82.25,82.25,1,,
1932,maize,4,14,81.16,81.16,1,,
1932,maize,4,15,80.37,80.37,1,,
1932,maize,4,16,78.21,78.21,1,,
1932,maize,4,17,74.84,74.84,1,,
1932,maize,4,18,75.54,75.54,1,,
1932,maize,4,19,78.82,78.82,1,,
1932,maize,4,20,86.05,86.05,1,,
1932,maize,4,21,83.54,83.54,1,,
1932,maize,4,22,87.86,87.86,1,,
1932,maize,4,23,83.91,83.91,1,,
1932,maize,4,24,85,85,1,,
1932,maize,4,25,84.49,84.49,1,,
1932,maize,4,26,87.56,87.56,1,,
1932,maize,4,27,92.51,92.51,1,,
1932,maize,4,28,91.96,91.96,1,,
1932,maize,4,29,88.6,88.6,1,,
1932,maize,4,30,91.66,91.66,1,,
1932,maize,4,31,87.6,87.6,1,,
1932,maize,4,32,87.1,87.1,1,,
1932,maize,4,33,88.67,88.67,1,,
1932,maize,4,34,90.05,90.05,1,,
1932,maize,4,35,89.31,89.31,1,,
1926,mangels,4,1,156.35,156.35,1,,
1926,mangels,4,2,168.51,168.51,1,,
1926,mangels,4,3,158.92,158.92,1,,
1926,mangels,4,4,161.64,161.64,1,,
1926,mangels,4,5,162.43,162.43,1,,
1926,mangels,4,6,169.17,169.17,1,,
1926,mangels,4,7,168.05,168.05,1,,
1926,mangels,4,8,166.7,166.7,1,,
1926,mangels,4,9,167.31,167.31,1,,
1926,mangels,4,10,165.85,165.85,1,,
1926,mangels,4,11,169.21,169.21,1,,
1926,mangels,4,12,172.29,172.29,1,,
1926,mangels,4,13,178.9,178.9,1,,
1926,mangels,4,14,180.33,180.33,1,,
1926,mangels,4,15,176.37,176.37,1,,
1926,mangels,4,16,166.05,166.05,1,,
1926,mangels,4,17,173.48,173.48,1,,
1926,mangels,4,18,171.24,171.24,1,,
1926,mangels,4,19,180.15,180.15,1,,
1926,mangels,4,20,171.77,171.77,1,,
1926,mangels,4,21,165.35,165.35,1,,
1926,mangels,4,22,173.23,173.23,1,,
1926,mangels,4,23,165.68,165.68,1,,
1926,mangels,4,24,173.16,173.16,1,,
1926,mangels,4,25,172.89,172.89,1,,
1926,mangels,4,26,177.4,177.4,1,,
1926,mangels,4,27,173.58,173.58,1,,
1926,mangels,4,28,173.4,173.4,1,,
1926,mangels,4,29,175.23,175.23,1,,
1926,mangels,4,30,177.84,177.84,1,,
1926,mangels,4,31,171.26,171.26,1,,
1926,mangels,4,32,179.85,179.85,1,,
1926,mangels,4,33,174.5,174.5,1,,
1926,mangels,4,34,170.71,170.71,1,,
1926,mangels,4,35,183.07,183.07,1,,
1925,oats,5,1,26.13797472,11856,0.00220462,,
1925,oats,5,2,31.58338612,14326,0.00220462,,
1925,oats,5,3,33.2015772,15060,0.00220462,,
1925,oats,5,4,36.5305534,16570,0.00220462,,
1925,oats,5,5,35.9463291,16305,0.00220462,,
1925,oats,5,6,34.943227,15850,0.00220462,,
1925,oats,5,7,33.6865936,15280,0.00220462,,
1925,oats,5,8,30.30911576,13748,0.00220462,,
1925,oats,5,9,32.3858678,14690,0.00220462,,
1925,oats,5,10,31.70464022,14381,0.00220462,,
1925,oats,5,11,38.3714111,17405,0.00220462,,
1925,oats,5,12,41.8767569,18995,0.00220462,,
1925,oats,5,13,43.7727301,19855,0.00220462,,
1925,oats,5,14,46.7930595,21225,0.00220462,,
1925,oats,5,15,44.8089015,20325,0.00220462,,
1925,oats,5,16,43.3318061,19655,0.00220462,,
1925,oats,5,17,39.86614346,18083,0.00220462,,
1925,oats,5,18,38.66242094,17537,0.00220462,,
1925,oats,5,19,38.6469886,17530,0.00220462,,
1925,oats,5,20,38.0848105,17275,0.00220462,,
1925,oats,5,21,39.572929,17950,0.00220462,,
1925,oats,5,22,39.9256682,18110,0.00220462,,
1925,oats,5,23,39.1099588,17740,0.00220462,,
1925,oats,5,24,40.2122688,18240,0.00220462,,
1925,oats,5,25,39.7382755,18025,0.00220462,,
1924,oats,5,1,28.0427664,12720,0.00220462,,
1924,oats,5,2,31.856759,14450,0.00220462,,
1924,oats,5,3,32.0992672,14560,0.00220462,,
1924,oats,5,4,32.5291681,14755,0.00220462,,
1924,oats,5,5,34.2046793,15515,0.00220462,,
1924,oats,5,6,34.7999267,15785,0.00220462,,
1924,oats,5,7,35.4392665,16075,0.00220462,,
1924,oats,5,8,33.8078477,15335,0.00220462,,
1924,oats,5,9,33.0582769,14995,0.00220462,,
1924,oats,5,10,30.9418417,14035,0.00220462,,
1924,oats,5,11,34.0834252,15460,0.00220462,,
1924,oats,5,12,33.4440854,15170,0.00220462,,
1924,oats,5,13,34.3149103,15565,0.00220462,,
1924,oats,5,14,33.4881778,15190,0.00220462,,
1924,oats,5,15,35.0865273,15915,0.00220462,,
1924,oats,5,16,36.7289692,16660,0.00220462,,
1924,oats,5,17,35.3069893,16015,0.00220462,,
1924,oats,5,18,30.2473864,13720,0.00220462,,
1924,oats,5,19,33.6976167,15285,0.00220462,,
1924,oats,5,20,33.4771547,15185,0.00220462,,
1924,oats,5,21,36.3431607,16485,0.00220462,,
1924,oats,5,22,36.1226987,16385,0.00220462,,
1924,oats,5,23,36.4203224,16520,0.00220462,,
1924,oats,5,24,38.5477807,17485,0.00220462,,
1924,oats,5,25,39.3745132,17860,0.00220462,,
1927,mangels,5,1,120.05,120.05,1,,
1927,mangels,5,2,120.7,120.7,1,,
1927,mangels,5,3,107.07,107.07,1,,
1927,mangels,5,4,107.39,107.39,1,,
1927,mangels,5,5,120.51,120.51,1,,
1927,mangels,5,6,115.08,115.08,1,,
1927,mangels,5,7,115.62,115.62,1,,
1927,mangels,5,8,110.43,110.43,1,,
1927,mangels,5,9,116.06,116.06,1,,
1927,mangels,5,10,124.01,124.01,1,,
1927,mangels,5,11,135.95,135.95,1,,
1927,mangels,5,12,131.99,131.99,1,,
1927,mangels,5,13,138.2,138.2,1,,
1927,mangels,5,14,138.7,138.7,1,,
1927,mangels,5,15,140.07,140.07,1,,
1927,mangels,5,16,136.5,136.5,1,,
1927,mangels,5,17,131.13,131.13,1,,
1927,mangels,5,18,135.49,135.49,1,,
1927,mangels,5,19,127.29,127.29,1,,
1927,mangels,5,20,119.01,119.01,1,,
1927,mangels,5,21,124.28,124.28,1,,
1927,mangels,5,22,132.05,132.05,1,,
1927,mangels,5,23,119.51,119.51,1,,
1927,mangels,5,24,137.65,137.65,1,,
1927,mangels,5,25,136.25,136.25,1,,
1926,oats,5,1,48.3142473,21915,0.00220462,,
1926,oats,5,2,48.97122406,22213,0.00220462,,
1926,oats,5,3,49.7692965,22575,0.00220462,,
1926,oats,5,4,48.74855744,22112,0.00220462,,
1926,oats,5,5,50.85176492,23066,0.00220462,,
1926,oats,5,6,49.00208874,22227,0.00220462,,
1926,oats,5,7,48.28558724,21902,0.00220462,,
1926,oats,5,8,47.40594386,21503,0.00220462,,
1926,oats,5,9,50.0669202,22710,0.00220462,,
1926,oats,5,10,50.95538206,23113,0.00220462,,
1926,oats,5,11,51.62558654,23417,0.00220462,,
1926,oats,5,12,52.11060294,23637,0.00220462,,
1926,oats,5,13,48.6669865,22075,0.00220462,,
1926,oats,5,14,48.10039916,21818,0.00220462,,
1926,oats,5,15,49.09909202,22271,0.00220462,,
1926,oats,5,16,50.4968211,22905,0.00220462,,
1926,oats,5,17,46.21103982,20961,0.00220462,,
1926,oats,5,18,44.09460462,20001,0.00220462,,
1926,oats,5,19,45.06463742,20441,0.00220462,,
1926,oats,5,20,48.11803612,21826,0.00220462,,
1926,oats,5,21,47.67270288,21624,0.00220462,,
1926,oats,5,22,49.7362272,22560,0.00220462,,
1926,oats,5,23,48.00339588,21774,0.00220462,,
1926,oats,5,24,51.44039846,23333,0.00220462,,
1926,oats,5,25,48.28338262,21901,0.00220462,,
1928,oats,5,1,37,37,1,,
1928,oats,5,2,36.5,36.5,1,,
1928,oats,5,3,35,35,1,,
1928,oats,5,4,36.3,36.3,1,,
1928,oats,5,5,35.4,35.4,1,,
1928,oats,5,6,35.3,35.3,1,,
1928,oats,5,7,31,31,1,,
1928,oats,5,8,31,31,1,,
1928,oats,5,9,33.9,33.9,1,,
1928,oats,5,10,37.2,37.2,1,,
1928,oats,5,11,38,38,1,,
1928,oats,5,12,37.5,37.5,1,,
1928,oats,5,13,39.1,39.1,1,,
1928,oats,5,14,40.5,40.5,1,,
1928,oats,5,15,39.3,39.3,1,,
1928,oats,5,16,38,38,1,,
1928,oats,5,17,34.3,34.3,1,,
1928,oats,5,18,33,33,1,,
1928,oats,5,19,34.5,34.5,1,,
1928,oats,5,20,33.4,33.4,1,,
1928,oats,5,21,34.5,34.5,1,,
1928,oats,5,22,36,36,1,,
1928,oats,5,23,35,35,1,,
1928,oats,5,24,33.5,33.5,1,,
1928,oats,5,25,36.8,36.8,1,,
1929,maize,5,1,48.64,48.64,1,,
1929,maize,5,2,58.44,58.44,1,,
1929,maize,5,3,58.56,58.56,1,,
1929,maize,5,4,61.23,61.23,1,,
1929,maize,5,5,59.18,59.18,1,,
1929,maize,5,6,59.42,59.42,1,,
1929,maize,5,7,55.59,55.59,1,,
1929,maize,5,8,52.11,52.11,1,,
1929,maize,5,9,56.29,56.29,1,,
1929,maize,5,10,58.43,58.43,1,,
1929,maize,5,11,65.21,65.21,1,,
1929,maize,5,12,66.75,66.75,1,,
1929,maize,5,13,64.09,64.09,1,,
1929,maize,5,14,61.3,61.3,1,,
1929,maize,5,15,60.09,60.09,1,,
1929,maize,5,16,62.74,62.74,1,,
1929,maize,5,17,55.22,55.22,1,,
1929,maize,5,18,53.98,53.98,1,,
1929,maize,5,19,51.98,51.98,1,,
1929,maize,5,20,56.25,56.25,1,,
1929,maize,5,21,60.8,60.8,1,,
1929,maize,5,22,57.95,57.95,1,,
1929,maize,5,23,66.25,66.25,1,,
1929,maize,5,24,66.08,66.08,1,,
1929,maize,5,25,67.63,67.63,1,,
1930,oats,5,1,42,42,1,,
1930,oats,5,2,43.5,43.5,1,,
1930,oats,5,3,45.5,45.5,1,,
1930,oats,5,4,43.5,43.5,1,,
1930,oats,5,5,42,42,1,,
1930,oats,5,6,41,41,1,,
1930,oats,5,7,39,39,1,,
1930,oats,5,8,40,40,1,,
1930,oats,5,9,41,41,1,,
1930,oats,5,10,44,44,1,,
1930,oats,5,11,45.5,45.5,1,,
1930,oats,5,12,47.5,47.5,1,,
1930,oats,5,13,47,47,1,,
1930,oats,5,14,47,47,1,,
1930,oats,5,15,47,47,1,,
1930,oats,5,16,47.5,47.5,1,,
1930,oats,5,17,43,43,1,,
1930,oats,5,18,42,42,1,,
1930,oats,5,19,45,45,1,,
1930,oats,5,20,43.5,43.5,1,,
1930,oats,5,21,40.5,40.5,1,,
1930,oats,5,22,42.5,42.5,1,,
1930,oats,5,23,44,44,1,,
1930,oats,5,24,45,45,1,,
1930,oats,5,25,46,46,1,,
1931,hay1,5,1,110.8,110.8,1,,
1931,hay1,5,2,113,113,1,,
1931,hay1,5,3,117.3,117.3,1,,
1931,hay1,5,4,115.5,115.5,1,,
1931,hay1,5,5,111,111,1,,
1931,hay1,5,6,112.1,112.1,1,,
1931,hay1,5,7,108.8,108.8,1,,
1931,hay1,5,8,111.4,111.4,1,,
1931,hay1,5,9,112.6,112.6,1,,
1931,hay1,5,10,111.7,111.7,1,,
1931,hay1,5,11,118.4,118.4,1,,
1931,hay1,5,12,122.4,122.4,1,,
1931,hay1,5,13,127.8,127.8,1,,
1931,hay1,5,14,126.7,126.7,1,,
1931,hay1,5,15,125.6,125.6,1,,
1931,hay1,5,16,121,121,1,,
1931,hay1,5,17,116.5,116.5,1,,
1931,hay1,5,18,117.7,117.7,1,,
1931,hay1,5,19,115.8,115.8,1,,
1931,hay1,5,20,105,105,1,,
1931,hay1,5,21,112.2,112.2,1,,
1931,hay1,5,22,111.4,111.4,1,,
1931,hay1,5,23,120.9,120.9,1,,
1931,hay1,5,24,121,121,1,,
1931,hay1,5,25,118.6,118.6,1,,
1932,hay2,5,1,54.21,54.21,1,,
1932,hay2,5,2,61.18,61.18,1,,
1932,hay2,5,3,62.33,62.33,1,,
1932,hay2,5,4,64.65,64.65,1,,
1932,hay2,5,5,65.91,65.91,1,,
1932,hay2,5,6,64.89,64.89,1,,
1932,hay2,5,7,66.54,66.54,1,,
1932,hay2,5,8,67.66,67.66,1,,
1932,hay2,5,9,69.37,69.37,1,,
1932,hay2,5,10,71.93,71.93,1,,
1932,hay2,5,11,84.68,84.68,1,,
1932,hay2,5,12,87.95,87.95,1,,
1932,hay2,5,13,92.13,92.13,1,,
1932,hay2,5,14,93.18,93.18,1,,
1932,hay2,5,15,90.46,90.46,1,,
1932,hay2,5,16,84.89,84.89,1,,
1932,hay2,5,17,79.69,79.69,1,,
1932,hay2,5,18,69.83,69.83,1,,
1932,hay2,5,19,79.37,79.37,1,,
1932,hay2,5,20,77.6,77.6,1,,
1932,hay2,5,21,78.41,78.41,1,,
1932,hay2,5,22,77.01,77.01,1,,
1932,hay2,5,23,80.18,80.18,1,,
1932,hay2,5,24,86.48,86.48,1,,
1932,hay2,5,25,84.2,84.2,1,,
